æ¨™é¡Œ,ç§Ÿé‡‘,åœ°å€,æ ¼å±€,å¤§å°,æ¨“å±¤,å‹æ…‹,æˆ¿æ±,é›»è©±,åœ–ç‰‡url,url
ğŸ‘‘é‰‘æ–¯ğŸ‘‘ç™¾é½¡æ²³æ¿±âœ¿å°è³‡æ—æ°´é›»å…¨åŒ…å¥—æˆ¿,"13,500",å£«æ—å€é‡æ…¶åŒ—è·¯å››æ®µ220å··,åˆ†ç§Ÿå¥—æˆ¿,8åª,3F/4F,å…¬å¯“,ä»²ä»‹: å€¼ç­äºº... (æ”¶æœå‹™è²») 193ç­†,02-25817208,https://img1.591.com.tw/house/2022/05/08/165199190578368900.jpg!750x588.water2.jpg,https://rent.591.com.tw/rent-detail-12560701.html
éŒ¯éå¯æƒœå–”...æ˜äº®é€šé¢¨å¥½æˆ¿æ±Go,"11,600",å£«æ—å€æ–‡æ—è·¯,åˆ†ç§Ÿå¥—æˆ¿,5.6åª,3F/5F,å…¬å¯“,å±‹ä¸»: æ—å…ˆç”Ÿ (ä»²ä»‹å‹¿æ“¾),0919-800-315,https://img1.591.com.tw/house/2021/05/17/162125128981401508.jpg!750x588.water2.jpg,https://rent.591.com.tw/rent-detail-12493093.html
"***åªæ•¸ä¸èª‡å¤§,é›™äººæˆ¿è¨­å‚™é½Šå…¨","8,200",å£«æ—å€é‡æ…¶åŒ—è·¯å››æ®µ49å··,åˆ†ç§Ÿå¥—æˆ¿,6.8åª,4F/5F,é€å¤©å,å±‹ä¸»: è‘‰å°å§,0930-623-896,https://img1.591.com.tw/house/2021/02/01/161215161912918605.jpg!750x588.water2.jpg,https://rent.591.com.tw/rent-detail-12399136.html
è¿‘æ·é‹ä½æ¨“å±¤(3F)å¥—æˆ¿,"13,500",å£«æ—å€ä¸­æ­£è·¯,åˆ†ç§Ÿå¥—æˆ¿,5åª,3F/4F,å…¬å¯“,å±‹ä¸»: å¼µå¤ªå¤ª (ä»²ä»‹å‹¿æ“¾),0986-851-077è½‰1599842,https://img1.591.com.tw/house/2022/04/21/165054320264987149.jpg!750x588.water2.jpg,https://rent.591.com.tw/rent-detail-12549407.html
è‡¨è¿‘æ‰¿å¾·è·¯å››æ®µæ—æ©Ÿèƒ½ä¾¿åˆ©å…¨æ–°é›»æ¢¯ç®¡ç†å¤§å¥—,"11,000",å£«æ—å€æ‰¿å¾·è·¯äº”æ®µ,åˆ†ç§Ÿå¥—æˆ¿,8åª,3F/7F,é›»æ¢¯å¤§æ¨“,ä»£ç†äºº: æ­å…ˆç”Ÿ,0986-581-688,https://img1.591.com.tw/house/2022/04/14/164992525794127270.jpg!750x588.water2.jpg,https://rent.591.com.tw/rent-detail-12629873.html
é™å¥³æ€§å»¶å¹³åŒ—è·¯äº”æ®µé™½ä¿¡éŠ€è¡Œ2æ¨“,"8,800",å£«æ—å€å»¶å¹³åŒ—è·¯äº”æ®µ260è™Ÿ,åˆ†ç§Ÿå¥—æˆ¿,5åª,2F/4F,å…¬å¯“,ä»£ç†äºº: æ­å…ˆç”Ÿ,0986-581-688,https://img1.591.com.tw/house/2022/03/21/164786137705850266.jpg!750x588.water2.jpg,https://rent.591.com.tw/rent-detail-12629875.html
å£«æ—å¤§å—è·¯/è¿‘å¤œå¸‚å…¨æ–°å¥—æˆ¿é™„å®¶å…·,"9,200",å£«æ—å€å¤§å—è·¯312è™Ÿ,åˆ†ç§Ÿå¥—æˆ¿,5åª,3F/3F,å…¬å¯“,å±‹ä¸»: æå…ˆç”Ÿ,0932-921-635,https://img2.591.com.tw/house/2021/01/06/160993186195009451.jpg!750x588.water2.jpg,https://rent.591.com.tw/rent-detail-12568729.html
å£«æ—å„ªè³ªæº«é¦¨å¥—æˆ¿ç¨ç«‹æ´—è¡£æ©Ÿ/ä¹¾æº¼åˆ†é›¢,"14,000",å£«æ—å€è‘«è˜†è¡—23å··,åˆ†ç§Ÿå¥—æˆ¿,8åª,4F/4F,å…¬å¯“,ä»²ä»‹: è©¹å°å§ (æ”¶æœå‹™è²»),0981-016-850,https://img1.591.com.tw/house/2022/05/12/165234007092712003.jpg!750x588.water2.jpg,https://rent.591.com.tw/rent-detail-12583728.html
å£«æ—å„ªè³ªå¤§å¥—æˆ¿/ç¨ç«‹æ´—è¡£æ©Ÿ/ä¹¾æº¼åˆ†é›¢,"14,000",å£«æ—å€è‘«è˜†è¡—23å··,åˆ†ç§Ÿå¥—æˆ¿,8åª,4F/4F,å…¬å¯“,ä»²ä»‹: è©¹å°å§ (æ”¶æœå‹™è²»),0981-016-850,https://img1.591.com.tw/house/2022/05/12/165232599188895005.jpg!750x588.water2.jpg,https://rent.591.com.tw/rent-detail-12582203.html
å£«æ—å¤§å¥—æˆ¿ï¼Œ4æ¨“éé ‚æ¨“ï¼Œå®‰éœæœ‰çª—æˆ¶è¦–é‡å¥½,"10,500",å£«æ—å€å¤§æ±è·¯13è™Ÿ,åˆ†ç§Ÿå¥—æˆ¿,6åª,4F/5F,å…¬å¯“,å±‹ä¸»: æ¢å…ˆç”Ÿ,0933-877-599,https://img1.591.com.tw/house/2022/05/16/165268487706194874.jpg!750x588.water2.jpg,https://rent.591.com.tw/rent-detail-12548220.html
"æ–‡åŒ–éº¥ç•¶å‹æ—,å®‰å…¨.èˆ’é©.ç”Ÿæ´»æ©Ÿèƒ½æ¥µä½³!","9,900",å£«æ—å€æ ¼è‡´è·¯,åˆ†ç§Ÿå¥—æˆ¿,4åª,3F/4F,å…¬å¯“,å±‹ä¸»: å¼µå°å§ (ä»²ä»‹å‹¿æ“¾),0989-861-319,https://img1.591.com.tw/house/2022/05/10/165216817646419613.jpg!750x588.water2.jpg,https://rent.591.com.tw/rent-detail-12509922.html
æ·é‹å£«æ—ç«™ã€æ–°è£æ½¢ã€æ©Ÿèƒ½ä½³F,"10,799",å£«æ—å€ç¾å¾·è¡—,åˆ†ç§Ÿå¥—æˆ¿,6åª,1F/4F,å…¬å¯“,ä»²ä»‹: å¾å…ˆç”Ÿ (æ”¶æœå‹™è²»),0958-189-219,https://img2.591.com.tw/house/2022/04/24/165080213188273608.jpg!750x588.water2.jpg,https://rent.591.com.tw/rent-detail-12492164.html
æ±å³å¤§é•·æˆ¿4åª6500å«æ°´é›»ç„¡ç·šä¸Šç¶²å†·æ°£,"6,500",å£«æ—å€ä»°å¾·å¤§é“ä¸€æ®µ6å··81è™Ÿ,åˆ†ç§Ÿå¥—æˆ¿,4åª,3F/5F,é€å¤©å,å±‹ä¸»: å¼µä¸‰å§,0983-229-100,https://img1.591.com.tw/house/2022/05/08/165200878105271878.jpg!750x588.water2.jpg,https://rent.591.com.tw/rent-detail-12514527.html
è¿‘æ³°åŒ—é«˜ä¸­.åŒ…æ°´ç¶²è·¯æ”¶è¦–.æ™¯è§€ä½³å¤§å¥—æˆ¿,"18,000",å£«æ—å€è‡³å–„è·¯ä¸€æ®µ138å··,åˆ†ç§Ÿå¥—æˆ¿,17åª,1F/1F,å…¬å¯“,ä»²ä»‹: å­Ÿå…ˆç”Ÿ (æ”¶æœå‹™è²»),0917-245-077,https://img2.591.com.tw/house/2022/04/25/165087676090001502.jpg!750x588.water2.jpg,https://rent.591.com.tw/rent-detail-12496793.html
è¿‘è¯é½¡è¡—å•†åœˆä¸€æ¨“å…¬å¯“å¥—æˆ¿é™„ç¶²è·¯.ç¬¬å››å°,"8,000",å£«æ—å€è¯é½¡è¡—17å··,åˆ†ç§Ÿå¥—æˆ¿,5åª,1F/5F,å…¬å¯“,ä»²ä»‹: å­Ÿå…ˆç”Ÿ (æ”¶æœå‹™è²»),0917-245-077,https://img2.591.com.tw/house/2022/05/04/165164339649319206.jpg!750x588.water2.jpg,https://rent.591.com.tw/rent-detail-12539939.html
è¿‘ç™¾é½¡åœ‹å°å…¬å¯“å¤§å¥—æˆ¿.é™„ç¬¬å››å°,"8,800",å£«æ—å€ç¦æ¸¯è¡—,åˆ†ç§Ÿå¥—æˆ¿,6.5åª,4F/4F,å…¬å¯“,ä»²ä»‹: å­Ÿå…ˆç”Ÿ (æ”¶æœå‹™è²»),0917-245-077,https://img1.591.com.tw/house/2022/05/17/165277635905731609.jpg!750x588.water2.jpg,https://rent.591.com.tw/rent-detail-12608319.html
è¿‘é«˜å³¶å±‹å¤©æ¯æ£’çƒå ´å°åŒ—é«”é™¢æœ‰å°å¤–çª—ç’°å¢ƒå„ª,"8,500",å£«æ—å€å£«æ±è·¯266å··,åˆ†ç§Ÿå¥—æˆ¿,6åª,B1/5F,å…¬å¯“,å±‹ä¸»: æ—åª½åª½ (ä»²ä»‹å‹¿æ“¾),0936-049-188,https://img2.591.com.tw/house/2022/05/08/165201615491935208.jpg!750x588.water2.jpg,https://rent.591.com.tw/rent-detail-11837331.html
å…è´¹æ–‡æ—è·¯5æ¨“é›»æ¢¯å¥—8åªå¥³å§“èŠå±±æ·é‹5åˆ†,"10,000",å£«æ—å€æ–‡æ—è·¯,åˆ†ç§Ÿå¥—æˆ¿,8åª,5F/12F,é›»æ¢¯å¤§æ¨“,ä»²ä»‹: æ—å°å§...,0927-579-385,https://img1.591.com.tw/house/2022/04/12/164977709654468603.jpg!750x588.water2.jpg,https://rent.591.com.tw/rent-detail-12593731.html
